<?xml version="1.0" encoding="utf-8"?>
<style title="Ryzer Light" description="" user_selectable="1" base_version_id="2020770" export_version="2">
  <assets/>
  <templates/>
  <properties>
    <property property_name="xtr_style_changer_phrase" group_name="xtr_styleChanger" title="Style changer phrase" description="You can enter a text here. For example, Light mode" property_type="value" value_type="string" depends_on="" value_group="styleChangerMode" display_order="40" addon_id="XENTR/StyleChanger">
      <value>"Dark Mode"</value>
    </property>
    <property property_name="xtr_style_id" group_name="xtr_styleChanger" title="Style ID" description="Enter the style ID that you want to change here. You can enter &lt;b&gt;&quot;0&quot;&lt;/b&gt; to override." property_type="value" value_type="number" depends_on="" value_group="StyleChanger" display_order="10" addon_id="XENTR/StyleChanger">
      <value>"16"</value>
    </property>
  </properties>
</style>
